PM10,NO,NO2,O3,PM25
2.319,0.51385,2.17418,56.47831,1.0
3.285,0.28904,3.15014,59.37208,2.0
5.217,0.77077,5.13078,59.92089,4.0
8.116,0.99557,4.34905,63.66283,3.0
4.251,1.02769,8.18448,62.36563,-1.0
2.319,2.66557,10.67462,55.33078,3.0
3.285,5.71652,15.90249,49.04433,0.0
0.386,2.44076,7.71735,62.01638,2.0
0.386,2.92249,8.28979,62.71487,4.0
2.319,3.46845,9.29788,64.46111,3.0
9.082,2.98672,9.16247,64.91014,3.0
8.116,3.5648,9.53862,62.91444,2.0
8.116,2.69769,13.10186,58.97294,1.0
4.251,3.9823,18.61016,48.74497,3.0
2.319,4.97787,18.92885,45.50196,3.0
4.251,2.85826,13.68114,46.49981,1.0
3.285,3.08307,12.65663,46.99874,1.0
6.184,1.73423,8.65501,50.19186,3.0
4.251,2.56922,9.89974,47.8968,2.0
2.319,2.15173,8.88891,47.74712,-2.0
4.251,0.835,4.98373,51.73852,-1.0
9.082,0.55749,3.80511,51.55558,10.0
6.184,1.37228,4.04437,51.48906,3.0
9.082,0.38595,3.3562,51.08992,2.0
6.184,0.57893,2.41309,49.19401,0.0
7.15,0.57893,2.31601,48.44562,3.0
4.251,0.61109,2.16962,49.04433,5.0
6.184,1.51165,4.72058,47.44777,3.0
7.15,1.25435,5.50343,46.35013,2.0
21.643,1.86544,5.77996,46.69938,4.0
10.048,3.21628,9.09673,46.69938,9.0
11.015,2.73384,7.60359,50.69078,5.0
1.353,1.96193,8.30175,52.5368,3.0
8.116,2.44437,14.01794,45.95099,3.0
4.251,4.18116,23.10177,37.21981,5.0
3.285,2.63735,17.16845,44.05508,4.0
6.184,2.79816,14.20359,51.08992,1.0
2.319,1.89761,9.80807,51.8882,1.0
4.251,1.92977,10.63249,53.58455,0.0
6.184,0.93272,6.82178,60.5196,1.0
9.082,1.02921,6.33405,63.71272,9.0
9.082,0.83623,5.90183,63.71272,7.0
11.981,0.90056,5.46342,64.06197,7.0
11.015,0.54677,4.3555,64.76047,7.0
9.082,0.51461,3.62816,62.66498,4.0
27.44,0.55831,1.86123,63.06412,17.0
12.947,0.25768,1.41642,62.59846,11.0
12.947,0.45094,1.63767,62.61509,8.0
13.913,0.3221,1.1559,62.46541,7.0
6.184,0.48315,3.14102,55.92949,9.0
2.319,0.45094,2.36552,57.52605,6.0
3.285,1.22399,5.93546,54.68218,7.0
5.217,2.31914,15.07691,47.94669,4.0
13.913,4.21955,17.69463,45.95099,0.0
11.015,4.09071,9.78882,49.44347,2.0
4.251,3.1244,9.71774,55.8796,2.0
4.251,3.92965,10.61804,57.72562,1.0
6.184,3.86523,11.54171,58.82326,0.0
3.285,4.41281,13.56497,56.32863,-1.0
4.251,3.28545,13.11003,55.8796,-2.0
6.184,3.73639,15.52407,50.14196,1.0
7.15,6.5709,26.75381,33.57765,2.0
6.184,21.06552,51.20827,11.12603,2.0
15.846,12.27211,45.76728,18.80947,3.0
6.184,10.27508,45.3357,13.22151,9.0
10.048,9.27656,45.60514,11.12603,7.0
8.116,2.60903,27.00581,26.5927,4.0
8.116,2.35135,18.27857,33.57765,1.0
5.217,1.03073,13.21912,35.12432,3.0
6.184,1.03225,16.39659,33.39471,13.0
5.217,0.30107,3.03075,65.45896,8.0
8.116,0.32258,1.88215,67.55445,6.0
11.015,0.45161,2.07235,62.86455,7.0
10.048,0.16129,2.32348,58.62369,5.0
11.981,0.38709,2.55932,57.57595,8.0
13.913,1.16128,6.12578,54.83186,7.0
14.879,2.38707,7.98117,52.28734,8.0
12.947,3.129,8.8808,50.5411,7.0
18.744,3.39782,6.23737,53.8839,7.0
19.71,4.06448,6.86436,52.43702,6.0
20.677,3.5161,7.80221,49.59315,8.0
14.879,4.90318,11.205,44.85336,8.0
13.913,3.80642,10.12187,44.40433,5.0
11.015,3.54835,10.46905,43.30669,4.0
12.947,4.48383,14.90383,40.86196,5.0
14.879,6.16123,26.88348,32.92905,6.0
12.947,5.38705,27.10044,35.9226,5.0
11.981,4.77415,30.95053,31.38238,6.0
16.812,3.45158,27.15779,34.47572,10.0
12.947,3.25803,21.48839,38.41723,8.0
9.082,2.77417,26.25626,28.78797,4.0
11.981,1.41934,22.27045,34.77507,11.0
7.15,1.16095,22.41375,37.31959,8.0
11.015,0.77397,18.34947,39.11572,7.0
4.251,0.61273,9.2976,55.03143,6.0
1.353,1.06421,12.34116,50.14196,3.0
4.251,1.03196,17.14528,45.30239,3.0
5.217,0.32249,14.64286,47.54755,7.0
9.082,5.96601,32.43138,29.88561,4.0
12.947,17.31756,54.13068,11.62495,3.0
8.116,11.77078,39.59001,25.99399,4.0
12.947,6.80448,25.6148,41.61035,6.0
13.913,4.22458,15.30657,54.38283,5.0
12.947,4.22458,13.4144,55.82971,2.0
10.048,3.61186,13.28652,56.32863,1.0
11.981,4.16008,12.73702,55.8796,6.0
11.981,3.54736,13.38542,55.63014,5.0
14.879,5.15979,16.83214,51.08992,4.0
11.981,6.51424,38.81982,28.6383,3.0
16.812,14.76991,55.07748,16.96345,7.0
15.846,13.47996,55.45431,14.51872,10.0
14.879,8.12668,44.83794,22.6013,7.0
13.913,4.16008,35.83115,24.54711,6.0
17.778,4.67606,37.65992,17.9613,15.0
9.082,5.35329,30.75096,23.00044,9.0
9.082,4.48257,19.13197,31.2826,8.0
3.285,3.13799,13.43527,32.26382,5.0
9.082,0.98868,10.06623,35.85608,6.0
3.285,0.99943,7.63949,38.81637,6.0
4.251,0.80599,5.26701,40.21336,4.0
6.184,0.73077,3.79709,39.81422,-1.0
5.217,3.25621,14.95252,26.04389,3.0
15.846,6.57689,24.66214,19.15872,6.0
16.812,19.95635,42.72758,8.33205,7.0
13.913,35.65707,48.30453,8.08259,8.0
22.609,33.43253,45.16406,10.37764,7.0
56.426,51.1321,45.44382,7.83312,16.0
26.474,42.62083,45.19739,12.57291,11.0
15.846,12.63795,29.68462,37.86841,7.0
6.184,4.41683,21.32574,47.39788,3.0
12.947,4.54579,21.46771,42.00949,1.0
14.879,5.41626,31.00344,29.43658,8.0
12.947,5.09387,37.22416,27.19141,6.0
6.184,4.70699,29.0822,31.48217,5.0
17.778,2.83709,27.96998,30.23486,13.0
13.913,2.12782,21.24439,35.274,7.0
11.981,2.16006,19.7391,38.31744,-2.0
11.981,1.32183,14.03623,46.69938,1.0
11.981,1.06391,10.50088,52.83616,4.0
11.015,0.99943,8.41595,56.77767,4.0
28.406,0.51569,6.06966,58.47401,15.0
5.217,0.47272,6.65331,53.21867,6.0
4.251,0.22561,8.53695,48.5454,7.0
11.981,0.38677,8.43547,45.85121,6.0
14.879,0.70907,9.20333,43.45637,6.0
12.947,0.90246,11.30147,40.76217,5.0
5.217,1.41815,14.47488,39.56475,3.0
9.082,3.22306,19.86217,37.31959,3.0
9.082,4.64121,21.32823,35.62325,6.0
8.116,3.86767,19.35918,41.95959,5.0
14.879,3.8999,20.47473,45.60175,4.0
11.981,4.93128,21.36886,46.99874,5.0
13.913,3.09414,19.08904,49.74282,8.0
11.981,2.99745,17.63546,51.93809,11.0
16.812,2.54622,17.93902,53.73422,8.0
7.15,2.28837,19.49934,52.33723,6.0
11.981,2.25614,23.18929,45.40218,6.0
10.048,3.93213,24.84248,41.61035,6.0
12.947,2.06276,19.9909,44.00519,9.0
11.015,2.19168,23.43375,41.76002,10.0
8.116,2.54622,23.5697,42.45852,7.0
9.082,1.93384,27.03277,37.9183,3.0
9.082,1.67599,23.20511,44.30454,6.0
11.015,1.19253,18.99529,44.95314,6.0
13.913,0.55851,14.22712,49.75945,8.0
18.744,0.51555,7.8194,59.80448,6.0
12.947,0.51555,7.31769,59.37208,4.0
7.15,0.67665,7.07066,60.86885,4.0
3.285,0.61221,5.3245,64.26154,5.0
5.217,0.83776,5.46418,68.65208,6.0
3.285,0.67665,3.76913,71.79531,7.0
2.319,1.06331,6.91476,66.70627,4.0
8.116,1.1922,7.88239,66.30713,2.0
6.184,1.73997,10.82955,62.86455,1.0
10.048,2.67439,15.9513,57.77552,0.0
5.217,3.38326,14.81582,56.07917,3.0
8.116,3.2866,11.85671,57.72562,6.0
14.879,3.54437,14.03472,56.5282,9.0
16.812,3.44771,15.59095,55.58025,6.0
13.913,3.93103,20.77321,48.84476,2.0
15.846,3.93103,27.91035,40.41293,4.0
16.812,4.4788,33.72208,31.53206,14.0
20.677,3.57659,31.22128,31.98109,8.0
22.609,2.73883,32.21452,29.2869,15.0
22.609,2.70661,29.54501,30.23486,13.0
15.846,2.12662,21.88916,36.27185,10.0
9.082,3.09327,30.3116,28.93765,5.0
11.981,3.09327,31.08843,25.54496,3.0
13.913,1.2885,22.2414,29.27027,8.0
16.812,0.9449,18.10613,30.73378,11.0
14.879,0.96638,11.97037,38.06798,9.0
19.71,0.80531,12.16877,37.41938,13.0
16.812,0.74089,10.85921,38.31744,9.0
12.947,0.61204,8.53147,38.41723,13.0
11.981,0.7731,11.78109,34.67529,12.0
11.015,1.67505,15.59443,32.92905,8.0
4.251,3.3501,21.13618,27.88991,4.0
5.217,7.731,22.86896,30.634,10.0
6.184,7.4733,15.34822,52.13766,6.0
8.116,3.18904,12.10748,60.71917,3.0
6.184,3.18904,11.52472,62.26584,3.0
8.116,3.44674,16.76297,55.82971,1.0
13.913,3.02798,16.62804,56.5781,4.0
11.981,2.25488,17.08499,54.03358,5.0
12.947,2.12603,19.03085,50.09207,6.0
11.981,2.77028,23.87065,44.20476,4.0
15.846,1.5462,21.03687,43.75572,5.0
17.778,1.70726,22.87814,41.85981,10.0
13.913,1.99718,20.29682,46.35013,8.0
11.981,1.38514,16.33034,50.69078,6.0
7.15,1.2885,15.5558,48.79487,4.0
6.184,1.06301,11.91933,47.94669,5.0
21.643,0.64407,9.3104,50.35816,6.0
12.947,0.42938,5.6888,55.74655,6.0
12.947,0.38644,4.55645,60.07057,5.0
6.184,0.09661,5.00085,56.27874,5.0
5.217,0.51526,5.18471,53.68433,4.0
2.319,0.77288,10.13297,47.79702,2.0
-0.58,0.86949,8.72188,63.91229,4.0
0.386,1.64238,11.81143,62.76477,3.0
1.353,2.44746,14.70588,60.71917,1.0
5.217,2.57628,14.8484,61.36778,2.0
5.217,2.54407,14.02342,60.96864,2.0
7.15,3.22035,15.60955,59.82111,0.0
4.251,2.7373,14.79581,62.11616,3.0
2.319,2.86611,14.88975,60.22025,5.0
2.319,3.38136,13.56537,64.511,6.0
3.285,1.90001,11.51356,67.45466,4.0
2.319,1.70678,12.39273,65.90799,1.0
2.319,1.93221,11.36703,66.85595,4.0
3.285,1.77119,11.03102,66.75617,4.0
2.319,0.9339,11.58622,58.67358,7.0
-1.546,1.09492,8.81341,65.70842,4.0
-0.58,0.77288,6.5384,68.25294,5.0
0.386,0.51526,6.83627,66.5067,3.0
2.319,0.54746,4.55243,67.90369,2.0
0.386,0.08585,4.01445,68.78513,4.0
5.217,0.1717,3.75325,67.92032,3.0
0.386,0.25756,1.88867,70.79746,1.0
2.319,0.22536,3.63858,66.20735,2.0
0.386,1.51314,4.67641,64.91014,4.0
2.319,1.51314,30.57324,36.27185,3.0
8.116,2.41458,23.26344,36.87056,3.0
3.285,2.76872,22.18598,40.96174,3.0
1.353,3.15505,17.12361,47.79702,-1.0
4.251,2.8653,14.99278,51.04003,1.0
2.319,2.92969,14.79688,49.99229,0.0
1.353,3.28383,15.51713,51.2396,2.0
1.353,2.70433,13.10177,52.63659,5.0
7.15,2.47897,15.7795,49.34368,3.0
6.184,2.73653,19.90317,44.10497,5.0
3.285,2.80091,22.81683,41.16131,4.0
8.116,3.41261,22.70489,39.86411,6.0
13.913,3.15505,28.15284,31.68174,7.0
12.947,2.67214,25.83233,31.48217,8.0
11.981,3.05847,26.60039,25.44518,7.0
7.15,2.15703,18.6539,29.23701,6.0
7.15,2.8653,21.06614,23.64905,6.0
8.116,1.83508,18.12721,24.74668,10.0
11.015,0.85828,14.30033,27.14152,14.0
7.15,0.3004,11.98063,28.87113,11.0
11.981,0.64371,11.69722,27.98969,12.0
8.116,0.93338,12.12784,23.59915,14.0
14.879,1.38397,16.0538,18.41033,13.0
8.116,1.02993,13.19476,21.15442,13.0
13.913,2.05986,20.65488,13.27141,8.0
5.217,6.53363,29.10375,9.13033,9.0
10.048,5.14966,26.41455,19.10883,6.0
7.15,4.69906,26.71667,29.03744,8.0
4.251,3.50821,21.54443,34.92475,6.0
8.116,4.85999,19.86051,35.42368,7.0
10.048,5.0531,17.86346,33.62755,5.0
17.778,5.56807,20.52436,29.2869,7.0
15.846,5.11747,24.42276,25.64475,11.0
11.981,4.05536,28.14106,21.70324,7.0
17.778,5.47151,29.27435,22.6512,4.0
24.541,6.56582,30.70675,19.40818,9.0
32.271,5.85774,33.20182,15.66625,18.0
45.798,7.59575,35.34816,13.72044,33.0
38.068,3.54039,27.95869,16.41463,29.0
34.203,3.57258,25.72241,16.56431,23.0
52.561,4.50595,24.92303,17.71184,36.0
36.136,3.83006,24.79302,16.56431,24.0
36.136,1.63027,19.53692,19.69091,30.0
43.865,1.84478,20.76354,16.69736,36.0
65.122,1.38358,21.69754,15.11743,48.0
58.358,0.90094,20.34735,15.26711,54.0
54.494,1.44793,18.34198,15.61635,47.0
53.527,2.02711,19.78722,13.67055,35.0
39.034,6.43527,26.05567,11.12603,34.0
36.136,8.5589,27.02856,10.82667,29.0
31.305,12.90271,25.56945,11.37549,26.0
28.406,14.09323,25.20231,14.36904,25.0
31.305,11.68001,28.02755,15.81592,20.0
27.44,10.10337,22.37574,20.85507,18.0
22.609,9.97466,24.08,19.05894,19.0
30.339,10.26425,26.30954,13.37119,27.0
32.271,12.48441,32.23849,7.23441,26.0
37.102,23.32783,38.2645,3.19312,23.0
39.034,19.65973,36.5487,3.59226,27.0
40.001,22.84519,37.78929,4.09119,25.0
35.17,12.58094,33.50017,6.03699,29.0
36.136,10.90777,31.98241,5.68775,29.0
33.237,10.13554,29.95821,5.28861,27.0
25.508,5.69521,24.37102,7.13463,25.0
24.541,4.72992,21.76785,8.58151,24.0
21.643,2.27315,17.7785,11.17592,29.0
21.643,1.50114,20.45331,9.64588,25.0
22.609,2.18738,22.12392,7.63355,24.0
24.541,1.35103,19.95415,9.42968,23.0
25.508,3.6349,24.13451,4.98925,23.0
22.609,2.83072,22.01267,7.68345,18.0
19.71,6.69079,26.35318,5.13893,19.0
18.744,9.68235,28.57325,4.39054,19.0
21.643,18.81786,28.76325,6.43613,21.0
21.643,10.7117,23.20243,14.36904,11.0
17.778,9.81102,21.90925,23.39958,10.0
16.812,7.49498,21.27899,31.18281,10.0
20.677,6.30479,19.70039,36.6211,11.0
17.778,6.52996,23.0504,32.28045,10.0
17.778,5.2111,27.84406,27.24131,12.0
24.541,4.18175,28.98479,21.50367,16.0
29.372,6.9803,38.84269,9.87872,13.0
22.609,6.7873,40.6459,10.82667,15.0
20.677,6.91596,41.42105,12.37334,9.0
25.508,6.52996,40.11667,8.53162,20.0
24.541,4.82509,28.87353,17.11313,22.0
22.609,1.8657,17.41461,25.69464,14.0
20.677,2.54121,17.59438,23.69894,18.0
20.677,2.02654,22.37053,15.26711,14.0
11.981,1.97237,21.42217,23.0836,12.0
16.812,1.32921,16.2481,22.68446,15.0
17.778,0.83611,16.1774,19.85722,20.0
16.812,0.7718,14.96291,20.95485,15.0
15.846,0.48237,11.66191,28.6383,14.0
16.812,0.86827,12.72375,27.88991,14.0
13.913,0.73964,12.43465,35.02454,10.0
11.981,1.41496,16.89475,28.98754,8.0
11.015,2.47618,20.95768,25.59485,7.0
9.082,4.59863,20.32953,21.70324,6.0
5.217,4.6951,15.36688,23.69894,6.0
11.981,5.78848,16.41387,23.9484,13.0
4.251,6.49596,18.92796,30.08518,11.0
7.15,4.24489,16.98124,38.51701,8.0
3.285,3.40877,16.70699,45.55185,4.0
3.285,3.28014,16.12609,46.5497,2.0
12.947,5.37042,32.7635,29.53636,5.0
13.913,12.86329,47.82848,15.41678,10.0
21.643,5.82064,36.59609,22.80087,13.0
20.677,4.63079,29.47195,26.34324,14.0
26.474,3.9233,35.85779,19.65765,19.0
30.339,7.84661,45.64802,9.72904,22.0
23.575,11.38401,48.34587,7.68345,15.0
19.71,5.62769,40.15039,11.12603,11.0
20.677,2.40047,28.74942,19.49134,14.0
14.879,1.20024,16.83939,29.46984,9.0
18.744,0.90018,15.25638,28.23916,7.0
17.778,0.83588,13.16594,28.08948,10.0
24.541,0.64298,11.51591,25.04604,13.0
22.609,0.67513,13.41241,21.80302,20.0
35.17,1.18952,15.93157,20.6056,33.0
33.237,1.67176,17.23524,20.05679,30.0
20.677,2.82913,17.50373,20.95485,24.0
27.44,3.15062,15.74601,22.90066,24.0
19.71,4.01865,16.55544,24.49722,18.0
14.879,3.21492,14.23671,28.33894,13.0
13.913,4.14724,16.01774,26.29335,14.0
20.677,4.08295,20.00794,19.05894,19.0
18.744,5.01527,21.01065,17.01334,16.0
17.778,4.01865,21.61453,18.95915,17.0
12.947,3.9865,23.12318,19.40818,9.0
12.947,2.53979,22.22815,19.40818,10.0
14.879,3.18277,24.45284,15.91571,11.0
16.812,2.70053,22.12761,17.9613,15.0
16.812,1.8968,18.88463,21.50367,11.0
18.744,1.73606,16.69885,24.09808,13.0
10.048,1.47886,16.41217,26.49292,11.0
11.015,0.80373,11.60995,32.77937,7.0
22.609,0.38568,9.72387,36.65436,4.0
7.15,0.59995,7.25443,38.91615,7.0
4.251,0.1607,5.78704,40.5626,8.0
4.251,0.41782,4.95488,41.01164,4.0
5.217,0.3214,8.36272,36.6211,5.0
6.184,0.8035,12.73247,32.67959,5.0
5.217,1.89627,17.52828,28.98754,5.0
7.15,6.20305,28.63571,19.957,5.0
9.082,6.29947,28.04995,22.55141,5.0
13.913,8.90282,28.97254,25.04604,9.0
10.048,5.59238,19.84069,40.31314,8.0
11.015,4.82102,17.13089,47.29809,7.0
11.015,4.33892,17.43219,49.54325,5.0
6.184,3.18187,20.86063,45.75142,11.0
6.184,3.66398,26.93337,38.86626,7.0
14.879,3.79254,33.9861,31.98109,4.0
13.913,9.22422,44.34184,19.957,4.0
11.015,10.99192,50.43827,12.6228,6.0
13.913,9.48134,50.75954,7.9828,11.0
14.879,8.90282,46.87823,8.83097,10.0
5.217,3.63184,28.92892,32.52991,7.0
9.082,3.53541,31.99617,30.5841,4.0
3.285,3.59969,28.88088,32.33034,7.0
5.217,3.21401,32.19703,29.13722,5.0
5.217,0.94251,17.3084,40.64576,7.0
7.15,0.64262,25.16582,28.20589,8.0
11.981,1.06033,28.30526,23.69894,4.0
2.319,0.5141,15.32097,35.22411,6.0
2.319,0.54623,15.51505,32.08088,8.0
3.285,1.60655,24.8883,24.84647,6.0
12.947,3.05245,24.13134,25.2955,8.0
4.251,4.53048,25.56386,23.99829,4.0
6.184,5.30163,27.00954,24.34754,0.0
9.082,5.78359,25.68652,30.43443,3.0
8.116,4.91606,23.07459,36.77077,3.0
8.116,4.14491,20.65553,32.5798,4.0
12.947,5.65507,22.76881,31.13292,6.0
11.015,3.91999,22.8498,32.43013,8.0
13.913,3.72721,25.96817,29.33679,10.0
14.879,3.37376,27.72682,30.5841,8.0
13.913,3.47016,30.10977,32.38023,8.0
15.846,3.79147,24.45825,39.2654,9.0
11.015,1.70295,17.63491,46.20046,10.0
8.116,1.60655,15.30062,47.74712,7.0
6.184,0.96393,16.04262,54.98154,5.0
3.285,1.02819,20.03223,54.33293,4.0
2.319,4.01639,25.86544,54.78197,2.0
12.947,0.55678,10.82949,63.46326,11.0
7.15,0.42829,5.50943,71.77868,7.0
6.184,0.51395,6.22188,68.90154,4.0
13.913,0.41759,6.7104,66.85595,7.0
10.048,0.44971,4.61658,69.89939,10.0
11.015,0.64244,12.10987,61.01853,6.0
10.048,1.317,30.30418,41.66024,8.0
13.913,2.02369,25.95905,49.84261,7.0
9.082,3.75828,29.38439,46.74927,8.0
11.015,4.59345,31.41405,45.40218,11.0
11.015,4.6577,29.27098,46.44992,7.0
11.981,7.42019,25.0839,55.77982,6.0
11.015,4.62557,23.28391,56.62799,7.0
7.15,4.30435,27.2814,52.5867,7.0
14.879,5.26801,37.14626,41.51056,6.0
17.778,4.17586,41.06015,33.22841,8.0
18.744,14.67977,52.94542,18.80947,10.0
21.643,28.65285,68.32244,6.03699,9.0
21.643,42.17623,59.07538,7.13463,11.0
20.677,7.51656,48.30256,13.17162,8.0
13.913,9.86146,42.51648,19.35829,10.0
11.015,8.76932,37.66796,22.80087,10.0
8.116,8.03051,21.422,37.07013,8.0
5.217,2.40915,8.67075,58.27444,6.0
3.285,0.85635,3.88073,64.79373,1.0
1.353,0.38536,2.39555,66.52333,2.0
2.319,0.28902,4.76686,62.11616,2.0
2.319,0.57803,1.4022,72.19445,0.0
0.386,0.16057,2.724,73.69122,2.0
3.285,0.61015,6.02737,67.65423,2.0
5.217,2.82594,21.03532,51.98799,2.0
2.319,2.02312,21.29247,45.70153,2.0
5.217,6.22992,20.53906,52.5867,5.0
16.812,4.75272,13.60133,69.79961,4.0
9.082,4.2068,12.6855,70.64778,3.0
10.048,4.91329,15.44888,70.64778,6.0
5.217,7.80346,19.00279,67.90369,5.0
9.082,7.4181,16.52608,65.75832,2.0
11.015,6.51894,29.5421,55.08132,1.0
9.082,7.8998,46.02504,37.66884,2.0
13.913,14.06549,60.77088,24.14797,6.0
12.947,14.32239,54.19312,31.08303,5.0
9.082,10.91841,39.10804,47.8968,6.0
5.217,5.684,28.38773,57.97509,5.0
5.217,3.2113,24.09633,55.97939,6.0
9.082,2.98651,16.8451,62.5153,6.0
9.082,2.4727,8.4302,67.65423,4.0
12.947,1.4772,4.60052,72.14456,4.0
8.116,0.85611,4.1421,73.17567,5.0
10.048,1.28416,2.12207,74.63918,4.0
7.15,0.28894,1.31029,74.73897,5.0
8.116,0.41735,1.16209,75.48735,4.0
6.184,0.09631,1.16731,75.58714,4.0
6.184,0.51366,3.98532,72.29423,3.0
13.913,1.41257,9.18196,66.70627,2.0
4.251,2.56832,15.4459,62.46541,-1.0
11.015,3.08198,20.35659,56.92734,2.0
15.846,3.37091,15.53026,61.01853,5.0
14.879,3.21039,11.05216,67.10541,3.0
9.082,3.59564,13.72458,67.95359,4.0
3.285,3.59564,12.16607,69.15101,3.0
11.015,3.88458,11.77175,69.60004,4.0
14.879,2.79304,10.47451,70.99703,3.0
10.048,2.08676,10.29118,74.19015,2.0
9.082,3.04987,11.24958,72.19445,6.0
10.048,2.02255,9.41556,73.09251,8.0
11.981,1.92624,8.05343,75.48735,6.0
14.879,1.6052,6.45144,77.58284,4.0
16.812,1.6373,5.23334,78.73037,7.0
13.913,1.12364,5.92354,76.5351,5.0
18.744,1.73361,5.03696,76.68477,5.0
23.575,1.18785,4.5101,75.73682,5.0
37.102,0.68469,3.82165,75.63703,12.0
19.71,0.34235,1.9433,76.63488,8.0
19.71,0.51352,2.86624,75.53725,6.0
16.812,0.57771,2.7191,74.63918,4.0
15.846,0.35304,1.65085,76.23574,5.0
8.116,0.44933,4.27997,73.24219,3.0
8.116,0.44933,4.81583,72.14456,6.0
19.71,0.99494,6.22013,68.80176,7.0
22.609,1.44427,6.01831,66.60649,4.0
18.744,1.70103,8.88853,62.11616,4.0
20.677,1.92569,8.93377,61.36778,4.0
21.643,2.27874,10.48718,59.871,6.0
20.677,3.20949,14.12641,57.72562,6.0
19.71,2.15036,9.95331,64.11186,4.0
21.643,3.94767,16.25845,56.72777,2.0
26.474,3.94767,13.38426,61.56735,9.0
17.778,3.7551,13.53339,61.8667,8.0
18.744,2.56759,13.30819,60.66928,6.0
20.677,2.43921,12.87174,60.61939,7.0
11.981,1.31589,11.71995,60.91874,4.0
16.812,1.57265,15.17475,57.07702,4.0
14.879,2.85645,14.76517,58.37423,7.0
17.778,3.91558,17.96397,56.37853,6.0
14.879,3.85139,17.28295,59.57165,6.0
12.947,1.5829,9.0724,66.7229,6.0
13.913,0.72728,8.82508,67.52118,4.0
9.082,1.02675,8.99935,67.35488,3.0
8.116,1.15509,9.2411,67.60434,2.0
11.981,0.51337,5.35239,72.69337,3.0
6.184,0.83423,9.05091,69.35058,4.0
11.015,0.38503,7.88806,65.95789,2.0
11.015,0.57755,8.51868,57.77552,0.0
14.879,0.60963,12.41634,54.03358,6.0
6.184,1.02675,15.28509,54.13336,8.0
12.947,1.31552,15.9143,52.73637,6.0
10.048,1.54012,7.53002,62.31573,5.0
10.048,1.37969,8.50691,61.51745,5.0
8.116,2.08558,10.00707,59.47186,6.0
11.015,2.18184,9.03113,63.16391,3.0
8.116,1.82889,10.64429,58.5239,2.0
10.048,1.57221,22.05008,45.55185,4.0
1.353,2.85564,19.98472,47.84691,7.0
10.048,2.7273,19.64552,44.15486,11.0
11.981,1.86098,15.37029,48.69508,7.0
7.15,1.63638,12.35254,51.08992,5.0
10.048,1.41178,10.26059,52.83616,7.0
3.285,0.99466,5.19915,58.92304,5.0
10.048,1.09092,3.73594,61.41767,4.0
11.015,0.64154,4.34504,57.80878,0.0
8.116,0.556,2.20175,59.93752,1.0
11.981,0.38492,1.0669,61.01853,6.0
7.15,0.44908,0.72484,62.46541,6.0
8.116,0.25662,1.21489,66.30713,7.0
5.217,0.38492,1.55428,69.30068,5.0
7.15,1.02646,4.71336,63.91229,6.0
4.251,1.53969,16.59836,51.48906,7.0
6.184,3.40014,21.39762,47.14841,6.0
9.082,3.97752,16.75946,49.74282,4.0
7.15,3.52845,14.32879,49.59315,4.0
8.116,3.23976,10.92112,55.03143,8.0
12.947,2.50199,9.17679,53.83401,9.0
15.846,4.39452,17.28979,49.44347,7.0
6.184,5.13229,20.35006,45.05293,6.0
14.879,4.13791,25.28643,36.5712,6.0
13.913,7.12105,32.31205,20.95485,8.0
12.947,6.28705,29.54555,23.39958,8.0
16.812,3.94545,25.58153,27.19141,11.0
13.913,3.1756,21.352,30.38453,7.0
11.981,2.46991,19.21731,32.48002,7.0
13.913,2.40576,17.31741,33.52776,7.0
6.184,2.50199,15.51276,35.72303,9.0
11.981,1.3793,13.38387,36.27185,9.0
10.048,0.76963,9.8049,40.18009,9.0
10.048,0.72687,6.81547,43.57278,5.0
10.048,0.67342,4.86617,46.05078,-1.0
6.184,0.19241,6.72497,46.05078,6.0
10.048,0.16034,5.26289,50.74067,6.0
7.15,0.22447,7.4558,49.14411,3.0
9.082,2.85403,25.80007,33.57765,6.0
12.947,18.18241,56.26303,4.54022,5.0
11.981,32.19601,59.1995,2.6443,8.0
11.981,33.09391,53.679,8.48173,6.0
9.082,9.55619,37.46103,23.79872,9.0
7.15,9.0431,33.12901,20.30625,11.0
12.947,10.00514,34.23766,19.85722,9.0
10.048,15.68113,41.28081,16.6142,7.0
8.116,3.62366,21.0125,45.75142,6.0
12.947,3.71986,19.7925,40.01379,5.0
9.082,5.61186,28.4452,21.25421,3.0
7.15,5.22704,24.35525,26.09378,10.0
9.082,2.8861,16.97592,32.38023,6.0
4.251,2.40508,11.91223,34.6254,3.0
3.285,4.36121,15.83536,33.32819,2.0
2.319,1.76373,9.19063,51.58885,5.0
1.353,1.73166,6.60731,58.82326,5.0
1.353,1.18651,5.44445,63.56305,1.0
11.015,0.98313,2.5235,73.24219,14.0
8.116,0.81215,3.89093,76.50183,7.0
6.184,0.35265,1.94612,78.88004,3.0
9.082,0.57706,1.16318,78.03187,2.0
-0.58,0.28853,2.19072,73.14241,1.0
0.386,0.44882,4.04169,72.39402,5.0
1.353,3.17381,16.78368,58.07487,5.0
2.319,2.78911,15.22805,58.5239,2.0
9.082,3.91116,18.62755,55.77982,6.0
11.981,5.67439,22.11669,52.5867,5.0
5.217,6.31556,19.62196,56.32863,2.0
2.319,4.35998,14.86739,59.17251,2.0
4.251,4.16763,13.65072,58.27444,7.0
7.15,4.64851,16.37545,55.68003,7.0
8.116,2.75705,17.66652,54.23315,6.0
8.116,3.52646,21.21665,51.04003,4.0
5.217,2.34028,19.32954,53.73422,4.0
9.082,2.27617,15.86826,56.12906,3.0
7.15,1.92352,13.92214,57.8753,4.0
7.15,2.53264,15.47501,55.08132,4.0
6.184,2.85322,15.12974,56.92734,3.0
7.15,1.95558,10.02082,60.12046,2.0
7.15,1.41058,9.68619,57.27659,2.0
7.15,1.32472,7.78846,58.20792,11.0
11.015,0.64099,3.69938,61.46756,7.0
4.251,0.54484,3.11521,62.66498,3.0
6.184,0.54484,3.79804,62.46541,4.0
4.251,1.05764,6.81607,63.66283,4.0
2.319,1.05764,5.40165,63.26369,4.0
2.319,1.57043,10.5657,59.20577,7.0
8.116,5.19204,26.03389,40.96174,2.0
5.217,4.61515,16.0908,54.38283,6.0
4.251,6.40993,19.67936,50.49121,8.0
3.285,4.4549,16.33651,55.8796,5.0
8.116,3.39726,14.93426,57.17681,1.0
10.048,4.48695,15.84841,52.38713,2.0
6.184,2.98062,17.37772,51.8882,3.0
3.285,3.58956,14.49309,51.83831,11.0
3.285,3.58956,18.54127,46.5996,8.0
2.319,3.23701,20.83766,46.94884,6.0
4.251,2.43577,11.09225,59.67143,3.0
4.251,2.33962,13.72711,55.38068,1.0
2.319,1.79478,13.1481,57.27659,1.0
5.217,2.46782,15.18883,56.22885,3.0
5.217,3.42931,18.64066,45.30239,6.0
4.251,2.05118,11.7795,51.63874,2.0
19.71,0.59796,8.91531,58.93967,22.0
2.319,1.40948,7.28032,50.7573,5.0
4.251,0.99304,5.75381,51.18971,5.0
1.353,0.86491,5.65727,49.99229,4.0
2.319,0.57661,5.90399,50.89035,5.0
5.217,0.89694,7.4639,51.38928,5.0
4.251,2.69083,19.41274,40.51271,4.0
5.217,5.86216,29.88438,32.23056,7.0
12.947,6.98334,28.65361,32.48002,6.0
7.15,6.7591,24.84644,34.77507,7.0
10.048,8.07248,26.78828,39.66454,4.0
13.913,10.73128,30.62283,37.56905,1.0
9.082,9.9945,32.87575,38.06798,3.0
10.048,7.59198,34.55732,37.66884,7.0
8.116,11.11568,40.77719,32.6297,6.0
7.15,8.84129,47.14582,25.64475,9.0
11.981,6.43877,41.06258,27.9398,6.0
11.981,5.95826,37.89252,27.88991,16.0
12.947,5.34962,36.23748,25.14582,7.0
10.048,5.31759,33.69833,25.54496,9.0
18.744,6.34267,39.06118,17.56216,10.0
14.879,6.5669,38.27784,17.56216,12.0
20.677,7.11147,40.22645,18.6099,14.0
15.846,5.28555,39.26584,21.35399,14.0
10.048,1.40878,20.98468,32.39686,13.0
10.048,0.96053,17.89058,34.6254,10.0
7.15,0.83246,12.46375,38.81637,9.0
7.15,0.76842,10.11707,43.55615,7.0
6.184,0.76842,10.50825,47.49766,7.0
3.285,1.28071,18.52429,43.10712,5.0
4.251,1.60088,16.56644,47.94669,2.0
3.285,2.36931,20.37574,41.9097,5.0
1.353,7.90837,37.40709,26.34324,5.0
6.184,7.81231,33.2025,27.64045,6.0
8.116,8.83688,31.19144,32.33034,6.0
5.217,5.69915,23.43593,37.2697,4.0
6.184,5.73116,22.65337,40.31314,6.0
10.048,12.80707,44.0761,24.49722,8.0
5.217,14.98427,44.69846,16.96345,7.0
15.846,26.86283,59.09949,7.23441,13.0
18.744,38.16507,60.05727,4.59011,13.0
20.677,32.65803,56.03244,5.43828,20.0
17.778,35.79576,57.52908,3.84172,9.0
13.913,32.11373,54.17766,5.9871,16.0
14.879,11.17417,46.53095,10.22796,9.0
14.879,44.72869,54.29616,3.64215,15.0
12.947,22.60448,45.77653,6.78538,13.0
13.913,4.48024,32.3633,12.10725,13.0
17.778,3.11483,26.94977,14.70166,8.0
10.048,2.20812,23.39513,18.41033,10.0
13.913,1.31207,15.61362,24.99614,14.0
12.947,1.60009,16.93454,26.84217,18.0
16.812,0.48003,9.93715,38.91615,14.0
11.015,0.54403,11.25884,36.47142,15.0
3.285,0.54403,13.51098,36.17206,11.0
2.319,1.28007,17.08251,38.66669,8.0
8.116,1.76009,15.75897,40.41293,6.0
5.217,3.93621,17.90577,31.43228,11.0
1.353,6.33634,19.4643,34.82497,5.0
1.353,2.97616,13.94332,50.94024,3.0
2.319,2.24012,13.70103,55.68003,7.0
0.386,2.20812,13.65218,54.98154,6.0
2.319,1.63209,10.0801,55.231,2.0
4.251,1.8881,11.25426,51.13981,3.0
8.116,3.36018,14.72537,49.04433,7.0
9.082,2.24012,16.49173,43.15701,7.0
14.879,2.08011,15.26829,39.86411,6.0
12.947,2.68814,15.65789,37.96819,10.0
6.184,2.43213,11.10552,41.36088,6.0
7.15,1.31207,7.97593,46.99874,2.0
3.285,2.78415,9.9293,42.95744,5.0
13.913,0.59707,6.27435,42.17579,4.0
5.217,1.06619,4.63997,42.04275,3.0
5.217,0.86361,4.16623,40.86196,4.0
4.251,0.38383,4.70581,46.64949,3.0
2.319,0.2239,3.87255,51.28949,3.0
3.285,0.79964,5.58791,54.18326,3.0
5.217,1.63127,8.13645,53.83401,1.0
11.981,3.55041,10.14499,53.28519,5.0
8.116,4.35006,15.87996,55.08132,9.0
10.048,6.01331,15.19249,53.43487,6.0
14.879,5.27764,14.55573,53.8839,4.0
10.048,4.38204,13.57592,53.33508,4.0
6.184,5.21367,15.09501,51.43917,5.0
9.082,6.84494,17.15278,49.74282,8.0
11.015,4.98977,16.71288,53.78412,6.0
7.15,6.81296,22.44714,51.53895,3.0
9.082,8.57217,29.0148,46.10067,3.0
4.251,4.9258,24.31128,42.10927,5.0
4.251,3.74233,15.58626,46.84906,5.0
8.116,2.4629,11.22423,50.44132,8.0
4.251,2.07907,9.70483,55.231,5.0
9.082,1.82319,8.7736,57.42627,4.0
3.285,2.04709,8.38127,59.27229,5.0
2.319,0.92759,5.48977,61.66713,3.0
6.184,0.76727,3.47013,63.72935,1.0
2.319,0.89515,4.38661,57.80878,2.0
0.386,0.19182,2.50366,56.47831,3.0
5.217,0.35167,3.63291,49.29379,3.0
4.251,0.95909,7.90441,48.14626,4.0
2.319,0.92712,6.62817,50.14196,5.0
0.386,0.95909,9.72051,57.77552,7.0
1.353,2.36576,18.41116,47.29809,5.0
10.048,4.09213,22.88125,39.16561,4.0
6.184,10.99759,32.36828,28.88776,5.0
6.184,5.78652,22.34473,45.20261,9.0
5.217,3.22894,11.34483,60.02068,7.0
5.217,2.97318,12.22783,55.63014,4.0
7.15,2.14197,8.98663,60.5695,6.0
3.285,3.00516,16.25276,52.88605,5.0
3.285,3.90031,27.5929,39.914,1.0
5.217,3.54864,28.91746,34.97464,3.0
5.217,3.29288,26.31551,37.41938,5.0
5.217,6.20213,32.5059,30.48432,5.0
14.879,6.20213,30.05171,25.09593,6.0
6.184,3.93228,28.23106,27.88991,5.0
9.082,2.62152,19.49152,33.02884,8.0
8.116,2.97318,24.6951,30.13507,10.0
2.319,2.11,21.15934,37.31959,7.0
22.609,0.59647,10.61832,42.50841,6.0
11.015,2.17285,25.95928,23.41621,4.0
5.217,2.84388,25.61842,16.96345,-1.0
8.116,3.89836,24.29646,13.22151,7.0
12.947,13.06908,37.41255,4.44043,7.0
11.981,2.42848,28.1229,15.66625,11.0
11.015,9.07486,40.78476,7.88302,7.0
8.116,18.27754,54.34331,3.94151,4.0
8.116,30.13238,62.85235,5.18882,5.0
6.184,9.87371,39.60903,28.68819,7.0
11.015,5.87949,25.43617,41.56045,5.0
11.981,7.60499,29.22854,35.72303,9.0
13.913,6.23098,31.58106,31.9312,6.0
12.947,6.07121,30.30251,28.53851,14.0
17.778,10.57669,39.90722,18.11098,12.0
13.913,5.65581,35.01855,20.6056,11.0
11.015,7.22155,39.30163,16.81377,12.0
8.116,8.75533,41.91361,14.71829,9.0
13.913,6.80615,38.95565,17.36259,12.0
8.116,4.12203,29.45783,23.10023,10.0
5.217,3.89836,27.83496,23.59915,7.0
2.319,3.25928,23.70369,29.33679,7.0
1.353,2.17285,16.08096,37.66884,5.0
4.251,2.90779,24.58666,27.14152,5.0
2.319,0.55359,9.58327,44.63716,8.0
2.319,1.66076,11.95349,41.84318,5.0
2.319,0.70263,6.40226,48.29594,1.0
0.386,0.54294,8.27098,47.64734,2.0
-0.58,1.37332,12.16458,46.69938,3.0
-1.546,1.11782,9.30862,52.23745,2.0
-1.546,2.04402,17.04116,46.94884,1.0
3.285,3.44928,26.64716,40.26325,1.0
2.319,5.33361,29.17078,42.05938,1.0
1.353,3.32153,23.10324,47.44777,1.0
2.319,3.03409,21.96932,50.04218,5.0
1.353,3.22571,20.98658,49.54325,5.0
4.251,2.93827,22.11623,49.09422,6.0
0.386,2.77859,12.91315,57.17681,3.0
2.319,2.84246,11.58501,59.07272,-2.0
2.319,2.55502,11.53366,59.27229,2.0
0.386,2.90634,13.45539,55.63014,2.0
2.319,2.68277,14.5363,54.93164,1.0
2.319,2.77859,19.31019,57.47616,4.0
8.116,2.81052,15.86587,55.58025,5.0
16.812,2.01208,13.15349,57.77552,5.0
12.947,1.59689,11.82179,60.5196,12.0
19.71,1.30945,8.52272,65.15961,8.0
16.812,0.83038,6.15717,66.10756,6.0
19.71,0.59587,3.75058,68.31946,6.0
16.812,0.681,2.56896,67.72075,8.0
25.508,0.38306,2.17177,70.44821,11.0
22.609,0.25538,1.9734,71.99488,11.0
20.677,0.35114,2.07291,70.24864,12.0
22.609,0.47883,3.20742,69.74972,8.0
18.744,1.11726,7.59894,65.65853,14.0
6.184,1.78762,12.33567,61.56735,8.0
14.879,4.14983,23.9874,48.5454,3.0
14.879,3.5114,17.96996,55.08132,7.0
11.015,3.09641,13.72852,61.56735,6.0
10.048,2.9368,15.0572,61.8667,5.0
6.184,4.34136,23.74299,52.03788,4.0
5.217,4.2456,20.88435,53.18541,7.0
3.285,4.21368,19.30739,54.98154,4.0
6.184,3.63908,20.18841,53.63444,3.0
7.15,3.09641,21.71028,50.591,6.0
11.981,5.20325,22.86488,49.69293,6.0
10.048,3.73485,18.85909,54.23315,7.0
15.846,2.45798,19.24029,51.63874,8.0
11.015,2.17068,17.56219,52.93594,7.0
12.947,2.42606,21.70347,47.34798,6.0
14.879,2.52182,25.30116,42.90755,7.0
15.846,1.21303,19.57254,50.34153,7.0
9.082,0.51049,15.464,53.95042,6.0
11.015,0.80828,12.37635,56.07917,5.0
11.981,0.42541,12.63452,55.63014,6.0
16.812,0.44668,13.67077,55.13121,7.0
11.981,0.63812,9.43067,57.82541,5.0
8.116,0.5424,11.40272,54.08347,2.0
-0.58,1.6591,29.0287,35.82282,2.0
4.251,1.56338,30.16211,37.07013,5.0
4.251,4.21157,36.90537,27.04174,9.0
12.947,11.29465,47.55364,19.80732,6.0
13.913,18.92014,49.57575,15.81592,7.0
10.048,7.84883,37.93884,24.597,9.0
12.947,4.46681,24.13162,30.08518,8.0
9.082,4.69015,24.28249,25.59485,7.0
5.217,3.95632,22.64508,40.36303,4.0
11.981,5.26446,12.84481,67.8538,12.0
3.285,3.22249,11.97988,70.04907,7.0
11.981,3.22249,13.06518,68.5523,2.0
11.981,2.90343,11.23579,69.40047,3.0
13.913,1.6272,4.70751,73.24219,3.0
6.184,0.63812,4.39878,72.74327,3.0
3.285,1.14861,3.61604,69.25079,8.0
10.048,1.18052,7.11904,63.66283,5.0
7.15,1.1167,7.95686,61.61724,6.0
16.812,0.97795,5.87671,60.20362,5.0
3.285,0.80788,4.03001,60.46971,1.0
4.251,0.98858,3.52241,62.36563,1.0
0.386,0.57402,3.31837,62.61509,1.0
2.319,0.66969,2.92471,62.11616,3.0
2.319,0.66969,2.77653,59.27229,3.0
3.285,0.54213,3.21909,57.72562,6.0
4.251,0.82914,5.59449,55.38068,4.0
5.217,0.60591,5.44283,55.77982,4.0
2.319,2.16851,8.33206,54.63229,4.0
4.251,1.94528,8.27919,56.77767,-2.0
2.319,2.2004,9.41924,56.77767,2.0
1.353,2.58308,10.85764,54.18326,4.0
4.251,3.15709,13.58328,49.54325,4.0
3.285,3.85867,21.89247,44.554,6.0
6.184,4.94292,31.68945,33.42798,7.0
9.082,6.34607,46.03569,21.50367,8.0
12.947,8.61025,53.23318,14.91786,11.0
9.082,5.42127,41.47699,22.10238,9.0
11.015,2.87008,33.6823,28.88776,7.0
11.981,1.8815,24.52893,37.16991,11.0
10.048,1.33937,19.13649,39.56475,7.0
8.116,1.72205,18.05578,36.92045,6.0
12.947,0.95669,16.7596,36.77077,10.0
17.778,1.18996,11.8254,42.04275,15.0
12.947,0.63748,8.91384,46.43329,8.0
8.116,0.57373,8.26974,48.24605,7.0
7.15,0.72247,7.13496,50.99014,5.0
5.217,0.31874,6.53409,52.5368,5.0
5.217,0.57373,7.08278,53.58455,6.0
3.285,0.89247,9.56144,52.28734,2.0
4.251,2.26304,17.2523,46.00089,4.0
7.15,3.15551,28.19853,35.02454,5.0
7.15,5.76916,37.4453,26.6426,6.0
4.251,6.56601,38.44903,26.84217,6.0
4.251,9.14779,46.45882,18.6099,4.0
11.015,16.16003,57.26987,9.42968,3.0
6.184,18.90118,58.16085,7.13463,4.0
7.15,48.54384,70.07888,2.39484,5.0
11.015,55.5242,66.54699,2.09549,5.0
6.184,14.53446,43.29338,26.44303,5.0
1.353,3.31488,26.22319,42.85766,3.0
6.184,1.91243,16.94914,54.38283,-2.0
3.285,1.01996,13.37193,57.12691,-1.0
-1.546,1.37057,16.44465,52.13766,5.0
-0.58,1.01996,13.1741,69.50025,3.0
2.319,1.11558,10.75249,69.79961,1.0
2.319,0.95622,10.99685,64.76047,6.0
0.386,0.76459,14.93769,57.80878,3.0
2.319,1.01945,15.27317,55.34741,3.0
5.217,1.36989,14.58729,56.62799,4.0
4.251,1.14688,11.71052,58.17466,4.0
11.015,0.35044,8.0789,57.37638,4.0
11.015,1.05131,14.67962,48.89465,5.0
8.116,2.51677,28.37759,38.46712,8.0
7.15,5.0654,39.72146,26.89206,9.0
14.879,9.20692,48.57342,18.75958,9.0
17.778,13.76259,45.05445,20.6056,5.0
15.846,9.04763,32.87268,35.274,5.0
12.947,7.77331,26.06182,39.01594,5.0
11.981,6.94501,29.36213,39.41508,6.0
13.913,4.96982,23.77448,50.591,5.0
15.846,6.08485,29.29451,44.6039,7.0
16.812,5.98927,42.16732,26.19356,8.0
9.082,6.21228,42.46912,22.6013,6.0
15.846,6.88129,43.91924,19.70754,9.0
11.981,5.47955,39.48259,20.95485,9.0
18.744,7.00873,40.85178,17.56216,11.0
11.015,3.18578,31.85797,24.99614,8.0
13.913,2.51677,30.11074,24.29765,14.0
18.744,6.88129,37.33328,14.6185,12.0
22.609,8.25118,38.00585,9.62925,17.0
20.677,7.21749,37.98515,7.118,15.0
15.846,2.12279,29.27002,13.17162,19.0
25.508,1.62394,27.15924,12.92216,23.0
22.609,1.30552,24.7718,14.6684,18.0
22.609,1.59209,23.83658,14.96775,20.0
19.71,2.26077,24.99284,16.06539,18.0
17.778,3.91655,28.84992,14.96775,13.0
14.879,7.16442,31.35661,17.3127,12.0
15.846,8.2152,33.21608,16.76388,11.0
16.812,7.51468,29.03464,21.40388,11.0
12.947,10.73071,32.43302,20.95485,12.0
8.116,6.78232,24.05916,30.83357,11.0
11.981,6.97337,21.23761,33.02884,10.0
14.879,8.66099,26.83077,29.68604,11.0
8.116,6.52758,28.61453,27.59055,10.0
14.879,9.83913,42.27838,14.51872,11.0
13.913,13.85121,47.28227,10.92646,15.0
15.846,8.91572,44.33881,12.12388,10.0
21.643,7.57836,38.75397,15.317,18.0
20.677,5.8589,37.87021,15.76603,11.0
15.846,7.76941,40.44426,13.27141,16.0
23.575,5.22207,34.03736,14.6185,17.0
22.609,5.73153,32.61163,15.46668,17.0
25.508,3.5026,31.21995,16.76388,21.0
33.237,2.97042,28.73919,19.02567,21.0
21.643,1.27304,21.61182,25.61148,20.0
17.778,0.54104,16.04896,30.88346,19.0
13.913,0.38191,13.46332,34.77507,14.0
15.846,0.60469,11.33459,41.95959,10.0
16.812,0.82747,11.83692,43.15701,13.0
10.048,1.17756,14.03049,45.70153,8.0
9.082,2.00503,20.25777,40.71228,5.0
10.048,3.72363,25.06904,31.08303,13.0
17.778,5.88779,29.14749,29.08733,15.0
13.913,4.07371,23.04297,37.07013,13.0
16.812,4.93301,22.12254,39.86411,10.0
12.947,4.48745,23.10359,40.26325,7.0
10.048,3.5645,19.35591,48.14626,5.0
11.981,6.84256,29.81816,40.31314,7.0
15.846,4.58293,34.87146,30.5841,9.0
11.981,6.42883,41.32432,24.79657,7.0
18.744,6.49248,45.8435,19.05894,8.0
25.508,11.13906,50.48418,14.46883,10.0
12.947,5.91961,49.6508,12.12388,9.0
10.048,3.78728,41.70107,23.84862,7.0
8.116,5.21944,40.79582,20.6555,7.0
12.947,3.24624,31.01352,28.88776,8.0
8.116,2.67337,27.02691,31.73163,5.0
4.251,2.20549,15.57244,46.03415,3.0
7.15,0.89068,6.78592,54.68218,6.0
7.15,0.9543,6.9866,47.09852,8.0
10.048,0.47715,6.37618,40.41293,6.0
11.981,2.13126,18.70168,30.23486,5.0
11.981,1.65411,18.88654,30.33464,6.0
12.947,6.04388,39.44365,20.50582,7.0
11.981,7.25266,45.543,20.05679,9.0
9.082,4.77148,30.65837,31.48217,7.0
9.082,6.23474,30.9994,27.24131,5.0
14.879,8.42962,31.75947,24.49722,4.0
18.744,9.73383,32.6426,22.75098,7.0
22.609,7.76161,28.06177,30.28475,5.0
13.913,7.79342,31.39292,26.94195,12.0
16.812,8.20695,36.77315,20.70539,9.0
11.981,5.50311,35.60056,24.79657,6.0
13.913,4.89872,33.89291,30.48432,8.0
14.879,3.81719,25.01381,43.60605,5.0
6.184,2.03583,17.8539,56.62799,4.0
3.285,1.87678,12.08348,68.30283,4.0
4.251,2.51298,10.2133,70.24864,6.0
4.251,1.90859,9.30094,70.79746,5.0
3.285,1.39964,10.37956,66.15746,4.0
6.184,1.2724,9.48115,62.46541,5.0
5.217,0.67827,12.6957,56.01265,11.0
5.217,0.95382,9.83461,56.22885,7.0
9.082,0.25435,9.91177,52.88605,5.0
12.947,0.85844,9.9311,51.53895,6.0
8.116,0.47691,11.90957,48.24605,8.0
12.947,0.79485,12.51695,47.99659,9.0
11.015,1.39893,18.60785,45.20261,10.0
6.184,2.51172,18.84251,47.2482,7.0
11.015,1.90763,20.4655,47.09852,3.0
7.15,3.56092,27.83414,37.81852,7.0
12.947,3.71989,25.64947,38.16776,7.0
12.947,6.48596,33.40208,30.03529,8.0
2.319,6.19981,24.08649,39.914,5.0
3.285,4.92806,24.69278,44.05508,2.0
3.285,9.47458,44.54595,28.23916,6.0
9.082,6.64493,45.55031,26.69249,6.0
19.71,27.85146,69.07174,6.13678,14.0
23.575,41.26849,68.15722,5.23871,16.0
25.508,52.1738,67.85909,4.6899,24.0
24.541,35.19586,60.64721,4.88947,27.0
25.508,46.9914,55.59993,3.89162,24.0
22.609,42.31769,50.52349,3.54237,13.0
19.71,40.56903,50.46755,3.19312,17.0
17.778,38.93855,47.52734,2.72746,16.0
14.879,23.30381,43.6624,2.8605,15.0
10.048,11.18583,42.74325,4.59011,9.0
5.217,6.00603,39.97224,7.23441,7.0
7.15,7.53137,34.84298,13.67055,5.0
6.184,1.5889,21.43188,27.74023,8.0
7.15,1.14401,24.70515,23.49937,5.0
4.251,2.54223,32.62672,20.00689,0.0
7.15,3.30491,33.59996,19.75743,5.0
5.217,10.42316,42.36796,14.81807,11.0
10.048,6.45092,26.38434,31.38238,7.0
9.082,4.83024,21.74377,36.52131,5.0
11.981,4.16291,25.40795,32.67959,11.0
10.048,5.05269,31.91664,26.79227,10.0
6.184,3.08246,26.71581,37.36948,7.0
7.15,1.65245,15.40476,51.73852,7.0
6.184,1.97023,15.16665,50.89035,5.0
2.319,2.79646,26.60622,34.37593,6.0
7.15,5.30691,27.93914,24.54711,5.0
3.285,2.4469,14.68492,42.05938,5.0
2.319,1.14401,5.02264,73.59144,3.0
13.913,0.572,4.25534,77.08391,9.0
12.947,0.92156,4.01834,74.88864,6.0
14.879,0.69911,5.25634,70.34843,5.0
20.677,0.71994,6.21349,67.65423,5.0
16.812,0.67759,12.39842,60.93537,6.0
11.981,1.42929,22.0556,50.39143,6.0
6.184,0.63524,14.54216,50.49121,10.0
11.981,3.1762,32.54834,31.48217,14.0
7.15,0.88934,18.39331,55.53035,8.0
13.913,0.57172,20.57662,55.33078,7.0
10.048,2.2551,22.03666,54.63229,6.0
9.082,2.668,21.70289,57.42627,6.0
9.082,2.76329,17.16636,65.8581,5.0
9.082,2.2551,13.30569,70.59789,5.0
10.048,2.2551,11.75906,77.63273,6.0
17.778,2.98562,17.6736,71.34628,5.0
28.406,3.20796,19.97693,65.60864,8.0
28.406,3.1762,21.32281,63.36348,10.0
30.339,3.43029,30.6121,51.08992,14.0
27.44,3.27148,33.00093,49.49336,9.0
24.541,2.31862,30.86979,49.99229,8.0
25.508,2.89034,33.43567,44.80347,10.0
10.048,4.28786,42.76781,34.6254,8.0
11.015,22.83683,66.31312,15.16732,14.0
11.981,3.39853,34.00352,37.21981,8.0
10.048,2.03277,28.91332,40.21336,7.0
10.048,1.55634,25.95188,35.9226,8.0
11.981,0.93121,13.62477,46.36676,9.0
13.913,0.8254,14.26991,38.31744,11.0
14.879,0.57143,12.01179,40.86196,14.0
11.015,0.38095,12.60357,39.66454,12.0
7.15,0.57143,11.71207,43.10712,6.0
2.319,1.71428,16.75337,39.61465,4.0
0.386,1.98941,17.19737,45.56848,3.0
2.319,2.50793,18.43376,43.50626,4.0
2.319,3.36507,21.51539,40.06368,3.0
6.184,2.98412,20.90063,39.06583,3.0
3.285,3.74602,23.62875,36.17206,4.0
4.251,3.77777,25.82798,34.92475,4.0
3.285,3.55555,28.36666,33.07873,5.0
2.319,3.49206,29.36318,34.02669,2.0
2.319,3.30158,26.05859,38.41723,2.0
4.251,2.63492,20.98649,49.99229,3.0
3.285,1.77777,11.01129,70.24864,8.0
11.981,1.14286,6.53991,77.08391,6.0
16.812,1.23809,4.84532,79.1794,4.0
12.947,1.68254,5.81231,75.88649,8.0
17.778,1.49206,6.25423,74.33983,9.0
16.812,1.46031,8.90048,70.69767,11.0
17.778,0.88849,8.15542,70.31516,9.0
21.643,0.76156,4.48969,73.57481,8.0
13.913,0.76156,2.47632,73.1923,7.0
11.981,0.57117,2.46874,75.33768,5.0
12.947,0.53944,3.86519,73.34198,11.0
16.812,0.44425,5.30903,71.79531,9.0
13.913,1.01542,11.57156,66.20735,9.0
13.913,2.34815,18.31368,61.31788,6.0
9.082,2.602,16.77632,62.91444,3.0
8.116,2.88759,16.98737,60.86885,2.0
4.251,3.04625,19.24001,58.12476,3.0
2.319,3.61742,18.26439,62.81466,2.0
12.947,3.68088,16.71945,66.60649,3.0
6.184,2.98278,16.09263,65.40907,3.0
11.015,2.79239,16.38456,62.36563,2.0
15.846,2.82413,16.3359,61.46756,4.0
17.778,4.44245,22.64013,53.38498,9.0
15.846,4.02993,25.36921,51.04003,9.0
23.575,3.45876,20.20488,56.12906,11.0
24.541,2.37988,14.57107,61.16821,11.0
24.541,1.96737,12.65775,58.72347,13.0
26.474,1.45966,10.14162,61.66713,10.0
27.44,1.33273,8.43934,62.81466,14.0
27.44,1.07888,7.48079,67.05552,12.0
25.508,0.76122,4.35322,71.24649,13.0
34.203,0.80351,3.55675,73.30871,15.0
22.609,0.60263,5.90997,70.94714,11.0
16.812,0.69779,8.0587,66.70627,12.0
15.846,0.69779,5.86384,69.69982,9.0
11.981,1.11011,9.4218,66.35703,6.0
12.947,1.52244,20.01329,54.78197,4.0
15.846,3.36206,30.46151,45.50196,4.0
14.879,2.98145,26.80504,46.79917,5.0
11.981,4.21843,24.30976,48.5454,7.0
13.913,4.8845,25.88239,43.70583,6.0
17.778,5.74087,27.66206,43.35658,5.0
17.778,3.99641,21.75696,52.18756,7.0
16.812,3.86954,21.10348,54.5325,7.0
16.812,4.8845,29.22457,43.10712,9.0
17.778,4.78935,37.45154,32.5798,7.0
19.71,16.52483,56.57047,18.06109,12.0
27.44,13.22621,57.7374,13.87012,13.0
21.643,5.26511,36.07357,28.48862,8.0
20.677,5.614,38.98054,23.39958,10.0
16.812,2.94973,30.89421,30.28475,10.0
21.643,2.56912,25.44194,33.07873,7.0
14.879,3.20347,24.46928,32.08088,9.0
15.846,1.71275,16.77839,35.274,10.0
11.015,1.73312,16.88305,34.12647,15.0
19.71,1.3104,16.06899,36.72088,12.0
15.846,0.72918,11.39382,41.85981,10.0
13.913,0.9194,9.85595,43.40648,10.0
11.015,0.79258,10.05039,43.15701,10.0
11.981,0.72918,11.64306,41.16131,12.0
12.947,1.9339,16.62503,35.52346,14.0
2.319,4.18484,28.92565,34.97464,7.0
6.184,5.51638,39.49555,39.86411,3.0
7.15,5.57978,43.28648,31.38238,4.0
4.251,4.24825,29.22721,39.51486,3.0
8.116,3.99462,31.36078,37.66884,3.0
10.048,4.7238,30.69136,38.51701,6.0
12.947,4.88231,33.18995,37.12002,8.0
15.846,9.73292,46.19018,24.89636,5.0
13.913,9.22567,53.34851,20.6056,6.0
16.812,15.66144,64.31697,14.11958,11.0
9.082,7.48198,44.85614,29.73593,6.0
15.846,9.16226,49.20864,25.09593,6.0
21.643,11.03276,61.14548,15.16732,14.0
8.116,10.58891,60.62968,13.07184,11.0
17.778,11.00105,55.51141,16.91356,6.0
10.048,5.16764,37.63756,31.83142,1.0
11.015,5.10424,43.61686,24.54711,3.0
7.15,1.14081,24.75131,41.44404,4.0
11.015,1.43657,29.27912,33.32819,6.0
10.048,1.42601,32.03503,28.48862,7.0
11.981,0.8873,18.56471,43.50626,5.0
11.981,2.6302,25.4564,35.12432,3.0
10.048,1.26757,13.84716,48.74497,4.0
8.116,1.04574,9.80374,53.93379,9.0
14.879,1.42601,13.20571,51.38928,8.0
12.947,1.55277,20.63274,45.15271,8.0
15.846,2.56682,22.51498,46.00089,7.0
12.947,2.88371,18.94068,50.14196,8.0
12.947,2.6302,14.64697,56.82756,6.0
11.015,3.4858,19.96019,46.74927,7.0
16.812,3.4858,19.26281,53.13551,6.0
11.981,3.26398,18.10855,55.33078,5.0
10.048,3.07384,18.54952,54.5325,8.0
10.048,3.01047,17.25193,57.72562,6.0
12.947,2.56682,16.98574,57.27659,10.0
2.319,2.18655,11.0433,64.26154,6.0
6.184,1.61614,9.5767,64.511,3.0
2.319,0.66517,2.71343,73.8409,2.0
2.319,1.10862,4.4726,71.89509,1.0
0.386,1.10862,10.3464,65.05982,2.0
0.386,2.78739,17.27991,59.02283,2.0
0.386,1.33035,11.74865,63.51315,8.0
1.353,1.86882,12.91412,60.27014,5.0
1.353,1.23532,10.55035,61.8667,4.0
2.319,1.04527,10.54309,59.72132,3.0
7.15,2.02719,12.8704,55.38068,4.0
4.251,1.71045,12.70896,53.93379,5.0
9.082,1.36202,12.29742,55.18111,2.0
4.251,1.36202,9.60941,57.97509,0.0
3.285,1.04527,6.85952,60.41982,1.0
2.319,1.20365,7.16424,58.5738,4.0
3.285,0.91857,8.49735,57.17681,4.0
2.319,0.7602,7.44596,58.77337,4.0
0.386,0.82355,7.24927,59.67143,3.0
16.812,0.67543,4.9335,62.79803,17.0
3.285,0.21107,3.85476,64.86025,1.0
0.386,0.28495,3.94046,63.16391,0.0
-0.58,0.25329,3.98901,73.44176,4.0
1.353,0.50657,5.68984,73.04262,2.0
0.386,1.45639,13.18718,64.91014,0.0
-0.58,1.80466,25.38735,52.48691,2.0
1.353,3.32437,34.34878,44.25465,4.0
7.15,4.93907,46.09941,30.43443,5.0
6.184,7.72521,52.67133,27.49077,4.0
12.947,8.48506,47.67603,31.18281,4.0
2.319,4.24253,31.10047,42.20906,4.0
3.285,4.49582,28.47368,40.46282,2.0
0.386,1.86798,26.33486,43.80562,3.0
6.184,17.98327,49.12952,29.2869,5.0
2.319,7.97849,46.71176,27.04174,5.0
7.15,8.51672,51.20897,22.85077,4.0
8.116,7.66189,55.85248,17.51227,7.0
12.947,2.37455,36.30258,31.9312,15.0
9.082,1.64636,22.14808,35.67314,11.0
10.048,1.89964,18.62591,36.92045,8.0
13.913,1.773,15.28835,38.5669,6.0
12.947,1.07646,9.19339,45.45207,9.0
11.981,0.33756,5.24851,48.29594,8.0
8.116,0.75952,4.73408,49.0277,6.0
13.913,0.53799,4.09616,48.69508,8.0
8.116,0.31647,5.28086,45.80132,8.0
15.846,0.53799,4.29499,48.34583,7.0
13.913,0.31647,7.12005,42.20906,6.0
10.048,2.53172,14.85792,34.17636,8.0
11.981,5.12673,26.88486,25.39528,6.0
12.947,4.9685,32.99299,18.6099,11.0
10.048,5.3799,25.70134,30.08518,8.0
11.015,6.58247,26.39253,31.43228,7.0
12.947,8.67113,25.07885,29.33679,9.0
8.116,6.23436,21.8561,32.48002,11.0
13.913,5.94954,20.3045,35.87271,8.0
11.015,5.47484,21.77798,33.82712,6.0
11.015,5.12673,27.1831,27.88991,5.0
10.048,7.08881,30.38809,28.48862,11.0
10.048,5.98118,34.07474,22.90066,7.0
13.913,9.84205,43.56423,15.26711,15.0
23.575,10.82309,45.53953,11.27571,16.0
22.609,18.26001,50.19203,5.28861,13.0
10.048,24.08296,52.05021,4.49033,11.0
13.913,21.39301,56.62211,3.69205,16.0
19.71,34.24148,55.71094,5.93721,17.0
15.846,2.65711,39.37286,20.55571,15.0
20.677,1.56052,31.0535,26.14367,9.0
18.744,2.34079,31.2314,22.80087,11.0
9.082,1.61325,34.28418,20.6555,9.0
15.846,0.91734,18.06513,35.17421,9.0
11.015,1.10713,20.00939,37.61895,6.0
13.913,1.42345,17.38844,43.9054,7.0
10.048,2.56221,23.44098,33.12862,6.0
10.048,3.8275,31.43543,28.03959,6.0
11.015,3.76424,24.6776,38.76647,5.0
9.082,4.42852,28.07993,35.77292,5.0
9.082,5.82034,30.11834,34.72518,6.0
9.082,5.12443,26.76452,39.81422,6.0
5.217,5.15606,25.92125,42.70798,5.0
3.285,3.32139,24.36318,42.35873,2.0
1.353,2.8469,22.5574,41.61035,3.0
8.116,3.54281,24.91777,41.56045,7.0
4.251,2.9418,21.81583,41.85981,5.0
1.353,3.06833,22.96298,38.96604,4.0
6.184,3.00507,22.56326,40.01379,3.0
2.319,1.83467,16.70824,43.95529,7.0
2.319,1.17039,15.3425,45.35228,5.0
0.386,2.27752,16.52594,43.55615,3.0
-0.58,2.0561,22.92552,36.47142,3.0
16.812,1.13825,15.52859,41.84318,4.0
1.353,0.25295,3.31843,72.44391,2.0
2.319,0.50589,3.04641,71.09681,4.0
6.184,0.28456,3.08795,69.74972,8.0
11.981,0.3478,4.52975,66.75617,5.0
8.116,0.28456,7.55533,62.5153,7.0
9.082,2.33974,25.00371,47.04863,7.0
11.015,2.33974,39.29934,35.72303,5.0
21.643,5.37507,45.06913,29.88561,5.0
16.812,4.67947,41.02302,34.12647,7.0
13.913,4.36329,36.04769,36.27185,10.0
13.913,8.31555,39.86553,31.38238,7.0
13.913,6.89273,41.45149,25.59485,8.0
18.744,6.10228,40.52908,23.2998,11.0
14.879,6.63979,42.88173,22.25206,11.0
17.778,10.08616,52.63756,12.32345,9.0
5.217,4.11035,38.52031,31.13292,7.0
5.217,4.17358,42.14617,34.77507,5.0
3.285,2.2765,32.3974,50.99014,3.0
6.184,2.33974,35.82471,41.21121,8.0
6.184,2.84562,30.28382,39.36518,8.0
3.285,2.40297,18.60278,61.46756,5.0
0.386,1.83385,14.9584,67.00563,1.0
-0.58,1.5809,11.67306,66.00778,3.0
-1.546,0.46352,7.0934,68.45251,6.0
11.981,0.67422,3.92647,70.11559,3.0
12.947,0.50566,3.98651,70.19875,7.0
12.947,0.53727,2.84679,70.14886,7.0
15.846,0.53727,1.80514,72.09466,9.0
8.116,0.41085,3.09023,70.79746,7.0
9.082,1.29576,5.60239,67.40477,9.0
3.285,2.37029,11.14716,62.26584,7.0
-0.58,2.40189,15.51333,59.12261,4.0
4.251,3.22359,13.80698,59.77122,2.0
2.319,3.19199,12.02015,60.41982,1.0
3.285,3.69765,14.02255,57.72562,5.0
12.947,3.79246,14.62121,56.97724,6.0
6.184,4.20331,18.00906,56.17896,3.0
7.15,3.63444,20.7166,50.94024,4.0
7.15,5.11982,28.26035,43.50626,9.0
12.947,4.58256,32.25871,39.76432,10.0
12.947,9.70238,48.96167,25.64475,10.0
13.913,7.58492,45.76006,29.33679,10.0
16.812,2.37029,29.15287,41.61035,14.0
13.913,3.03397,38.05575,32.03099,11.0
3.285,1.6434,27.48968,43.70583,7.0
10.048,5.30944,41.01506,28.73808,7.0
9.082,3.22359,39.94751,29.88561,4.0
17.778,0.84239,24.81387,42.17579,4.0
10.048,0.88451,21.24652,38.38396,7.0
7.15,0.75815,15.78958,40.46282,7.0
11.981,0.44226,9.08667,49.29379,5.0
11.015,0.56861,12.11481,41.16131,7.0
11.981,0.53702,13.79897,36.72088,5.0
12.947,1.57948,21.32096,28.68819,11.0
9.082,3.06419,22.36545,30.53421,10.0
10.048,1.76902,16.47014,35.07443,9.0
6.184,2.81148,17.79621,34.07658,8.0
8.116,5.59136,24.63688,26.09378,12.0
16.812,6.57064,25.11804,28.53851,7.0
12.947,5.97044,27.42622,30.23486,13.0
8.116,4.8648,25.55265,34.17636,12.0
12.947,4.54891,25.73962,36.72088,8.0
9.082,4.64367,30.20407,35.274,6.0
7.15,4.73844,25.84553,37.96819,9.0
7.15,3.98029,23.58786,36.67099,8.0
11.015,3.0326,24.09918,35.274,7.0
17.778,3.12737,29.40629,26.94195,11.0
11.981,4.80162,39.0823,18.6598,16.0
11.015,5.11752,36.71437,23.9484,11.0
16.812,2.49558,34.19172,25.39528,11.0
19.71,7.67628,45.43069,15.36689,9.0
17.778,1.93663,29.06147,33.86038,14.0
21.643,0.79991,19.3129,41.17794,9.0
14.879,0.63151,17.75493,43.9054,5.0
18.744,0.59993,10.37349,51.53895,8.0
20.677,0.66308,7.55238,56.12906,7.0
20.677,0.41048,7.7911,55.03143,3.0
16.812,0.66308,10.77198,53.8839,3.0
14.879,0.97884,15.98406,48.89465,2.0
11.015,0.91569,18.11171,47.79702,3.0
6.184,1.6735,18.78245,42.70798,2.0
6.184,2.11555,18.3523,36.67099,6.0
9.082,3.78905,23.16663,25.49507,5.0
6.184,6.40981,27.66775,16.51442,7.0
9.082,5.36782,26.19444,16.46453,6.0
10.048,4.35741,25.31663,17.46238,7.0
6.184,5.05207,25.04402,13.3213,10.0
12.947,5.20994,25.89166,12.77248,11.0
21.643,2.90494,21.64937,21.9527,11.0
17.778,2.33658,24.55167,22.70109,11.0
20.677,1.9261,18.69232,25.34539,14.0
17.778,1.83137,16.46002,23.79872,19.0
26.474,1.9261,13.1447,25.14582,15.0
21.643,1.23144,8.06782,31.63185,14.0
25.508,1.42089,8.96611,28.18926,11.0
24.541,0.54706,9.7206,23.21664,12.0
15.846,0.75747,10.71791,22.28532,13.0
12.947,0.53654,10.46269,24.89636,10.0
14.879,0.59966,7.49507,29.88561,9.0
14.879,0.78903,7.00672,29.98539,9.0
19.71,1.32557,10.4903,30.33464,11.0
17.778,1.04152,8.69846,39.66454,13.0
31.305,2.27241,13.19627,35.97249,13.0
25.508,3.28237,14.86501,35.37378,10.0
29.372,4.98667,20.41883,25.99399,11.0
26.474,7.3222,24.95529,19.35829,15.0
29.372,7.92186,27.50063,16.36474,16.0
35.17,6.94346,22.56617,19.55786,18.0
22.609,6.84878,23.75079,18.56001,17.0
32.271,8.14279,29.58724,13.17162,15.0
29.372,7.60625,31.25138,12.82237,18.0
27.44,7.79562,33.1389,11.62495,20.0
28.406,6.72253,28.15163,17.21291,15.0
24.541,5.2076,25.62377,24.24776,16.0
26.474,3.72422,21.6616,27.69034,14.0
24.541,2.71426,21.92325,26.74238,12.0
20.677,2.36709,20.77267,26.94195,17.0
26.474,2.33553,17.50474,29.43658,10.0
22.609,1.79899,13.82317,32.6297,16.0
22.609,0.75713,9.19317,38.71658,15.0
23.575,0.3365,7.66179,38.7831,15.0
17.778,0.44166,6.69267,39.56475,10.0
12.947,0.25238,8.16999,38.21766,12.0
15.846,0.31547,6.53992,40.86196,9.0
20.677,0.63094,9.81533,38.11787,10.0
18.744,2.30293,14.7699,35.9226,10.0
19.71,3.24934,19.25422,32.48002,14.0
25.508,2.87078,16.32286,34.77507,19.0
20.677,3.06006,16.47779,37.9183,12.0
27.44,4.03801,13.74172,40.5626,13.0
22.609,2.83923,13.30458,42.00949,15.0
15.846,2.55531,15.57002,40.26325,8.0
14.879,2.52376,15.66785,41.95959,6.0
14.879,4.2273,23.34393,39.21551,10.0
9.082,3.56481,18.57266,47.14841,7.0
11.015,2.49221,18.23879,49.2439,5.0
17.778,2.77613,19.68301,52.33723,4.0
17.778,2.58685,14.63133,60.12046,7.0
23.575,1.86127,13.56753,59.97079,8.0
21.643,1.32497,11.32319,63.91229,7.0
20.677,1.29343,8.99738,64.96004,6.0
23.575,0.94641,9.92516,64.21165,8.0
21.643,0.97796,7.00798,67.25509,8.0
23.575,0.84087,5.76228,67.25509,10.0
18.744,0.84087,3.65339,69.38384,7.0
18.744,0.47299,5.15658,68.20305,6.0
24.541,0.50452,5.10823,67.95359,7.0
13.913,0.75679,4.62258,68.85165,8.0
17.778,0.47299,6.0957,67.75402,5.0
18.744,0.97752,10.01768,63.66283,6.0
16.812,1.16671,11.90237,62.66498,3.0
15.846,2.49109,13.08445,61.46756,3.0
15.846,2.64875,16.94515,58.27444,4.0
12.947,2.42802,15.89964,57.92519,7.0
6.184,2.42802,16.98704,57.52605,6.0
10.048,3.05868,13.64754,61.51745,4.0
7.15,2.14423,14.40713,60.12046,5.0
11.015,1.9235,12.86735,61.41767,3.0
13.913,3.15328,15.92442,57.57595,3.0
6.184,2.71182,15.31621,58.47401,4.0
6.184,2.64875,18.57624,55.72992,6.0
8.116,1.86043,7.7742,64.26154,6.0
9.082,1.29284,7.45824,64.21165,3.0
7.15,0.72525,9.06994,62.76477,1.0
12.947,0.44146,5.64977,66.30713,4.0
11.015,0.34686,4.75685,65.90799,4.0
4.251,0.56759,4.7644,63.66283,4.0
11.981,0.54632,3.04782,63.92892,5.0
6.184,0.29417,2.44661,64.59416,2.0
4.251,0.44126,2.03997,66.15746,1.0
4.251,0.59885,1.50198,65.80821,3.0
8.116,0.97708,2.30502,64.511,5.0
5.217,0.37822,2.2848,64.5609,6.0
9.082,0.40974,3.86641,62.21595,1.0
8.116,0.44126,5.29984,63.01423,2.0
9.082,0.40974,3.07614,66.35703,4.0
8.116,0.59885,5.20638,64.61079,5.0
9.082,0.66189,6.59149,63.8624,4.0
6.184,0.851,5.1655,67.30498,8.0
5.217,1.04011,6.50547,65.70842,6.0
11.015,0.851,7.48693,63.81251,3.0
5.217,1.22922,6.80821,65.8581,2.0
9.082,0.78796,6.49696,65.90799,4.0
5.217,0.44126,5.29984,67.80391,3.0
11.015,0.63037,5.25684,67.8538,3.0
8.116,0.3467,5.69179,68.05337,3.0
15.846,0.78796,4.47189,69.2009,-1.0
8.116,0.72493,3.67949,70.94714,1.0
11.981,0.22063,2.62523,70.74757,3.0
6.184,0.3467,4.21003,69.69982,1.0
8.116,0.66189,4.46763,69.00133,0.0
6.184,0.50407,3.24147,70.11559,3.0
11.981,0.54608,3.24287,69.8495,2.0
8.116,0.40956,4.50514,67.35488,4.0
6.184,0.18903,5.23814,66.95574,4.0
11.981,0.47257,1.79261,69.64993,4.0
5.217,0.34655,2.33134,69.05122,2.0
7.15,0.31504,7.06855,65.8581,2.0
7.15,0.44106,13.14366,60.07057,5.0
9.082,1.32318,24.08096,36.72088,8.0
3.285,3.46548,30.32204,36.6211,9.0
6.184,3.33946,23.21044,51.63874,2.0
11.015,1.16566,8.57763,67.35488,1.0
3.285,1.60672,9.03656,67.8538,8.0
8.116,1.19717,9.41775,68.80176,6.0
6.184,1.48071,9.52592,68.30283,3.0
4.251,1.32318,10.21167,67.50455,4.0
7.15,1.26017,7.69236,70.99703,4.0
8.116,1.54371,10.16967,66.45681,4.0
5.217,0.6931,7.82152,70.64778,5.0
7.15,0.97664,10.10139,67.35488,5.0
8.116,0.63009,15.81524,59.27229,4.0
7.15,0.78761,18.28834,56.77767,4.0
11.981,1.92177,35.94659,34.47572,4.0
26.474,1.04967,16.40944,57.0105,17.0
7.15,0.6298,10.14817,65.39244,6.0
5.217,0.34639,4.89428,70.548,3.0
3.285,0.72427,6.28774,69.10111,3.0
1.353,0.88172,5.70107,70.34843,3.0
4.251,1.41706,8.77666,67.65423,2.0
6.184,1.73196,10.75991,67.80391,1.0
2.319,2.14133,9.04714,70.19875,-1.0
2.319,2.04686,9.78385,68.5024,2.0
-0.58,2.51921,13.84381,58.62369,5.0
0.386,11.39943,29.22891,44.6039,4.0
2.319,3.81031,23.45479,38.46712,3.0
8.116,5.76269,22.18743,50.14196,5.0
5.217,10.58068,30.48429,44.85336,6.0
11.015,3.58988,24.28599,39.16561,7.0
10.048,6.01462,30.9257,32.6297,8.0
8.116,6.73889,30.85092,47.59745,5.0
16.812,5.85717,19.92174,60.36993,3.0
14.879,2.70815,10.8414,74.38972,6.0
13.913,1.16514,8.02853,77.78241,2.0
18.744,3.11752,10.90421,75.28778,3.0
24.541,1.00768,7.62877,77.53295,8.0
22.609,0.78725,8.65726,75.43746,6.0
24.541,1.19663,6.89517,79.47875,6.0
32.271,0.41968,5.73092,79.16277,6.0
26.474,0.1259,2.43558,83.35374,6.0
25.508,0.28328,3.11428,81.97338,5.0
22.609,0.40919,2.77338,81.57424,4.0
25.508,0.44066,2.18296,81.62413,9.0
15.846,0.44066,2.13367,83.02112,12.0
22.609,0.40919,3.85769,79.67832,10.0
20.677,0.88133,8.30886,77.38327,5.0
22.609,0.75542,9.24121,76.03617,6.0
22.609,1.95151,18.94034,70.39832,8.0
24.541,1.63675,16.12075,70.39832,9.0
27.44,3.71416,19.53986,70.09896,6.0
24.541,1.88856,12.38315,75.98628,6.0
29.372,2.14036,10.51845,78.08176,9.0
20.677,5.13058,17.36805,71.39617,7.0
22.609,1.66822,13.8053,74.98843,10.0
18.744,2.10889,17.61472,70.04907,13.0
19.71,5.13058,16.72732,73.59144,13.0
18.744,1.6997,14.20062,73.79101,8.0
14.879,2.51807,19.00806,72.4938,9.0
15.846,0.9128,10.23206,76.88434,10.0
19.71,2.51807,14.22725,72.4938,9.0
19.71,3.11612,18.58394,65.90799,7.0
18.744,1.54232,15.2798,69.25079,15.0
16.812,0.54534,8.29181,70.78083,9.0
14.879,0.50339,4.87568,73.8409,5.0
11.981,0.75508,4.94943,73.8409,6.0
12.947,0.50339,3.5623,72.39402,6.0
8.116,0.88093,2.19538,72.34413,6.0
17.778,0.72362,2.58434,72.39402,6.0
14.879,0.56631,4.64786,69.25079,5.0
2.319,0.6607,11.49687,63.96219,5.0
12.947,3.24056,20.59284,51.18971,6.0
10.048,4.31025,24.22258,47.19831,8.0
10.048,5.69457,26.38489,44.65379,7.0
15.846,5.72603,31.40958,37.36948,8.0
11.981,3.24056,23.9912,41.61035,9.0
2.319,2.48548,15.4464,51.43917,6.0
8.116,2.83155,15.55602,49.29379,5.0
11.981,3.90125,17.75747,46.25035,10.0
10.048,4.0271,24.45974,38.26755,8.0
10.048,4.34172,25.7504,38.91615,5.0
5.217,2.57986,20.12834,58.67358,3.0
14.879,4.56195,17.97571,64.66068,5.0
18.744,1.00677,10.67072,72.34413,7.0
8.116,3.86979,15.93415,67.95359,5.0
11.981,2.35963,10.56644,74.14026,5.0
29.372,0.42009,7.11701,75.17137,16.0
9.082,0.37808,5.73443,74.57266,3.0
11.981,0.37808,4.10656,71.44606,3.0
10.048,0.53562,3.22374,67.05552,4.0
7.15,0.4411,4.65123,66.85595,3.0
8.116,1.26027,14.14895,59.67143,4.0
9.082,3.11918,22.54575,56.87745,4.0
10.048,2.36301,24.79043,55.18111,3.0
3.285,1.89041,16.24117,62.06627,4.0
6.184,2.55205,18.97569,59.82111,3.0
11.015,2.99315,17.75673,57.77552,2.0
8.116,2.96164,18.29833,51.2396,1.0
9.082,2.48904,12.16621,61.41767,1.0
11.981,3.37123,21.76463,43.60605,5.0
12.947,2.64657,19.81735,44.00519,7.0
11.981,2.61507,23.46669,39.71443,7.0
8.116,1.57534,18.7961,42.6082,6.0
11.981,1.57534,16.67494,47.59745,4.0
10.048,1.66986,18.05922,45.80132,6.0
10.048,2.39452,17.09608,43.65594,8.0
16.812,1.63836,15.93704,41.16131,8.0
13.913,1.32329,15.43355,38.21766,10.0
15.846,0.63104,12.73459,38.38396,20.0
14.879,0.59949,6.49183,43.9054,9.0
13.913,0.44173,5.69618,46.89895,10.0
11.981,0.59949,5.10844,51.58885,6.0
7.15,0.88346,4.77184,51.18971,6.0
8.116,1.23053,5.91951,51.93809,6.0
7.15,1.89312,11.03,49.69293,4.0
6.184,2.49261,16.68191,45.70153,5.0
7.15,3.1552,16.99994,45.80132,3.0
3.285,4.57504,14.1806,50.64089,7.0
4.251,2.55571,8.72946,57.47616,6.0
3.285,3.59692,12.41949,54.98154,2.0
5.217,2.58726,11.44787,59.62154,3.0
5.217,2.27174,11.43759,59.97079,4.0
3.285,2.3664,12.47822,58.5738,3.0
3.285,5.07987,18.34722,53.43487,2.0
4.251,6.78367,20.87307,51.28949,2.0
5.217,3.31296,14.09007,57.8753,1.0
7.15,1.70381,6.92306,62.16606,2.0
7.15,2.33485,7.04243,62.01638,6.0
6.184,1.16742,5.5222,64.06197,7.0
6.184,0.53638,4.41469,63.76262,7.0
8.116,0.8519,4.37556,64.16176,3.0
